drug1_id,drug2_id,drug1_name,drug2_name,interaction_type
DB00297,DB01209,Bupivacaine,Dezocine,risk or severity of adverse effects
DB00214,DB08439,Torasemide,Parecoxib,therapeutic efficacy
DB00296,DB01588,Ropivacaine,Prazepam,risk or severity of adverse effects
DB00263,DB04846,Sulfisoxazole,Celiprolol,metabolism
DB01086,DB09118,Benzocaine,Stiripentol,risk or severity of adverse effects
DB00384,DB01224,Triamterene,Quetiapine,risk or severity of adverse effects
DB06480,DB11672,Prucalopride,Curcumin,serum concentration
DB00243,DB00916,Ranolazine,Metronidazole,metabolism
DB04868,DB09049,Nilotinib,Naloxegol,serum concentration
DB00652,DB09286,Pentazocine,Pipamperone,risk or severity of adverse effects
DB00842,DB00950,Oxazepam,Fexofenadine,risk or severity of adverse effects
DB00440,DB09075,Trimethoprim,Edoxaban,serum concentration
DB00708,DB08865,Sufentanil,Crizotinib,metabolism
DB00203,DB06282,Sildenafil,Levocetirizine,metabolism
DB01413,DB01418,Cefepime,Acenocoumarol,anticoagulant activities
DB01261,DB02703,Sitagliptin,Fusidic Acid,serum concentration
DB00216,DB00564,Eletriptan,Carbamazepine,metabolism
DB00343,DB06789,Diltiazem,Hydroxyprogesterone caproate,metabolism
DB00231,DB00972,Temazepam,Azelastine,central nervous system depressant (CNS depressant) activities
DB00298,DB13116,Dapiprazole,Norflurane,risk or severity of adverse effects
DB00257,DB00936,Clotrimazole,Salicylic acid,metabolism
DB00373,DB00482,Timolol,Celecoxib,metabolism
DB01264,DB08883,Darunavir,Perampanel,metabolism
DB00953,DB01247,Rizatriptan,Isocarboxazid,serum concentration
DB01267,DB09082,Paliperidone,Vilanterol,QTc-prolonging activities
DB00208,DB00476,Ticlopidine,Duloxetine,metabolism
DB01173,DB01355,Orphenadrine,Hexobarbital,central nervous system depressant (CNS depressant) activities
DB00446,DB01621,Chloramphenicol,Pipotiazine,metabolism
DB00887,DB11921,Bumetanide,Deflazacort,hypokalemic activities
DB01104,DB06605,Sertraline,Apixaban,metabolism
DB00722,DB00765,Lisinopril,Metyrosine,hypotensive activities
DB00683,DB06216,Midazolam,Asenapine,risk or severity of adverse effects
DB01081,DB08881,Diphenoxylate,Vemurafenib,risk or severity of QTc prolongation
DB00599,DB06594,Thiopental,Agomelatine,risk or severity of adverse effects
DB00520,DB00900,Caspofungin,Didanosine,absorption
DB00836,DB03793,Loperamide,Benzoic Acid,therapeutic efficacy
DB00449,DB01626,Dipivefrin,Pargyline,hypertensive activities
DB00773,DB01320,Etoposide,Fosphenytoin,serum concentration
DB01621,DB09073,Pipotiazine,Palbociclib,serum concentration
DB01020,DB01244,Isosorbide Mononitrate,Bepridil,risk or severity of adverse effects
DB00268,DB00402,Ropinirole,Eszopiclone,sedative activities
DB00829,DB01463,Diazepam,Fencamfamine,risk or severity of adverse effects
DB00774,DB01097,Hydroflumethiazide,Leflunomide,therapeutic efficacy
DB04743,DB06781,Nimesulide,Difluprednate,risk or severity of adverse effects
DB00332,DB01339,Ipratropium bromide,Vecuronium,risk or severity of adverse effects
DB00679,DB00683,Thioridazine,Midazolam,risk or severity of adverse effects
DB00450,DB00683,Droperidol,Midazolam,central nervous system depressant (CNS depressant) activities
DB00283,DB01085,Clemastine,Pilocarpine,metabolism
DB01410,DB08938,Ciclesonide,Magaldrate,bioavailability
DB00188,DB00922,Bortezomib,Levosimendan,risk or severity of adverse effects
DB00215,DB11609,Citalopram,Normethadone,serotonergic activities
DB06781,DB09269,Difluprednate,Phenylacetic acid,therapeutic efficacy
DB00091,DB00647,Cyclosporine,Dextropropoxyphene,metabolism
DB00683,DB01161,Midazolam,Chloroprocaine,risk or severity of adverse effects
DB00657,DB09279,Mecamylamine,Fimasartan,risk or severity of adverse effects
DB00477,DB01621,Chlorpromazine,Pipotiazine,metabolism
DB01015,DB08439,Sulfamethoxazole,Parecoxib,metabolism
DB00624,DB01222,Testosterone,Budesonide,fluid retaining activities
DB01615,DB09345,Aceprometazine,Pramocaine,risk or severity of adverse effects
DB00349,DB01161,Clobazam,Chloroprocaine,risk or severity of adverse effects
DB01397,DB13615,Magnesium salicylate,Mifamurtide,therapeutic efficacy
DB00774,DB01159,Hydroflumethiazide,Halothane,risk or severity of adverse effects
DB00203,DB04572,Sildenafil,Thiotepa,metabolism
DB00530,DB01370,Erlotinib,Aluminium,serum concentration
DB01325,DB06781,Quinethazone,Difluprednate,hypokalemic activities
DB00264,DB06267,Metoprolol,Udenafil,antihypertensive activities
DB01544,DB12332,Flunitrazepam,Rucaparib,metabolism
DB00722,DB01359,Lisinopril,Penbutolol,hypotensive activities
DB00875,DB01175,Flupentixol,Escitalopram,risk or severity of QTc prolongation
DB00220,DB08905,Nelfinavir,Formestane,serum concentration
DB00234,DB06480,Reboxetine,Prucalopride,serum concentration
DB01238,DB01366,Aripiprazole,Procaterol,vasoconstricting activities
DB01132,DB11586,Pioglitazone,Asunaprevir,serum concentration
DB00772,DB11633,Malathion,Isavuconazole,serum concentration
DB00697,DB01588,Tizanidine,Prazepam,risk or severity of adverse effects
DB00814,DB00890,Meloxicam,Dienestrol,thrombogenic activities
DB00248,DB01295,Cabergoline,Bevantolol,vasoconstricting activities
DB00180,DB00608,Flunisolide,Chloroquine,risk or severity of adverse effects
DB00755,DB00864,Tretinoin,Tacrolimus,immunosuppressive activities
DB00502,DB09084,Haloperidol,Benzydamine,risk or severity of adverse effects
DB00393,DB01392,Nimodipine,Yohimbine,antihypertensive activities
DB00559,DB11613,Bosentan,Velpatasvir,serum concentration
DB00275,DB00421,Olmesartan,Spironolactone,risk or severity of adverse effects
DB01235,DB01236,Levodopa,Sevoflurane,orthostatic hypotensive activities
DB01151,DB12492,Desipramine,Piritramide,risk or severity of adverse effects
DB00232,DB01132,Methyclothiazide,Pioglitazone,therapeutic efficacy
DB06770,DB08820,Benzyl alcohol,Ivacaftor,serum concentration
DB00500,DB00929,Tolmetin,Misoprostol,therapeutic efficacy
DB01320,DB09083,Fosphenytoin,Ivabradine,serum concentration
DB00477,DB09026,Chlorpromazine,Aliskiren,risk or severity of adverse effects
DB01157,DB01229,Trimetrexate,Paclitaxel,risk or severity of adverse effects
DB00932,DB01348,Tipranavir,Spirapril,serum concentration
DB00413,DB00752,Pramipexole,Tranylcypromine,sedative activities
DB01017,DB11304,Minocycline,Phenoxyethanol,central nervous system depressant (CNS depressant) activities
DB00381,DB01169,Amlodipine,Arsenic trioxide,risk or severity of adverse effects
DB00983,DB01264,Formoterol,Darunavir,serum concentration
DB00309,DB01045,Vindesine,Rifampicin,metabolism
DB00611,DB09224,Butorphanol,Melperone,risk or severity of adverse effects
DB00755,DB01088,Tretinoin,Iloprost,risk or severity of adverse effects
DB01624,DB08899,Zuclopenthixol,Enzalutamide,serum concentration
DB00966,DB09241,Telmisartan,Methylene blue,hypotensive activities
DB00177,DB01174,Valsartan,Phenobarbital,metabolism
DB04896,DB06282,Milnacipran,Levocetirizine,risk or severity of adverse effects
DB00511,DB00570,Acetyldigitoxin,Vinblastine,cardiotoxic activities
DB00162,DB00390,Vitamin A,Digoxin,cardiotoxic activities
DB00655,DB09095,Estrone,Difluocortolone,serum concentration
DB00648,DB00744,Mitotane,Zileuton,serum concentration
DB00624,DB00736,Testosterone,Esomeprazole,metabolism
DB00418,DB00468,Secobarbital,Quinine,metabolism
DB01395,DB09038,Drospirenone,Empagliflozin,therapeutic efficacy
DB01177,DB01242,Idarubicin,Clomipramine,metabolism
DB00499,DB01248,Flutamide,Docetaxel,risk or severity of adverse effects
DB00224,DB00252,Indinavir,Phenytoin,serum concentration
DB00359,DB00744,Sulfadiazine,Zileuton,metabolism
DB00559,DB00682,Bosentan,Warfarin,metabolism
DB00196,DB01165,Fluconazole,Ofloxacin,QTc-prolonging activities
DB00283,DB00708,Clemastine,Sufentanil,metabolism
DB00334,DB00454,Olanzapine,Pethidine,risk or severity of adverse effects
DB06786,DB13946,Halcinonide,Testosterone undecanoate,risk or severity of fluid retention
DB00254,DB00721,Doxycycline,Procaine,therapeutic efficacy
DB09104,DB09146,Magnesium hydroxide,Iron saccharate,absorption
DB00745,DB06738,Modafinil,Ketobemidone,metabolism
DB00484,DB00722,Brimonidine,Lisinopril,antihypertensive activities
DB03615,DB09216,Ribostamycin,Tolfenamic Acid,excretion rate of higher serum level
DB01221,DB01466,Ketamine,Ethylmorphine,risk or severity of adverse effects
DB00864,DB05351,Tacrolimus,Dexlansoprazole,serum concentration
DB00697,DB00854,Tizanidine,Levorphanol,risk or severity of adverse effects
DB00647,DB01161,Dextropropoxyphene,Chloroprocaine,risk or severity of adverse effects
DB00779,DB01050,Nalidixic Acid,Ibuprofen,neuroexcitatory activities
DB00393,DB11362,Nimodipine,Selexipag,hypotensive activities
DB06764,DB09245,Tetryzoline,Toloxatone,hypertensive activities
DB00771,DB04953,Clidinium,Ezogabine,risk or severity of adverse effects
DB00502,DB01050,Haloperidol,Ibuprofen,risk or severity of adverse effects
DB00703,DB08907,Methazolamide,Canagliflozin,risk or severity of adverse effects
DB00872,DB01006,Conivaptan,Letrozole,serum concentration
DB00705,DB01175,Delavirdine,Escitalopram,metabolism
DB00898,DB00996,Ethanol,Gabapentin,central nervous system depressant (CNS depressant) activities
DB00322,DB00980,Floxuridine,Ramelteon,serum concentration
DB01242,DB06701,Clomipramine,Dexmethylphenidate,risk or severity of adverse effects
DB00862,DB01264,Vardenafil,Darunavir,serum concentration
DB00337,DB00678,Pimecrolimus,Losartan,risk or severity of adverse effects
DB00181,DB00768,Baclofen,Olopatadine,risk or severity of adverse effects
DB00863,DB01576,Ranitidine,Dextroamphetamine,sedative activities
DB00838,DB01320,Clocortolone,Fosphenytoin,serum concentration
DB00555,DB06730,Lamotrigine,Gestodene,excretion rate
DB00540,DB00935,Nortriptyline,Oxymetazoline,antihypertensive activities
DB01007,DB09235,Tioconazole,Efonidipine,therapeutic efficacy
DB01580,DB09085,Oxprenolol,Tetracaine,risk or severity of adverse effects
DB01395,DB01466,Drospirenone,Ethylmorphine,risk or severity of adverse effects
DB00491,DB01238,Miglitol,Aripiprazole,therapeutic efficacy
DB00949,DB13981,Felbamate,Nomegestrol acetate,serum concentration
DB00323,DB00598,Tolcapone,Labetalol,risk or severity of adverse effects
DB00802,DB01090,Alfentanil,Pentolinium,risk or severity of adverse effects
DB00234,DB09280,Reboxetine,Lumacaftor,metabolism
DB01224,DB06207,Quetiapine,Silodosin,antihypertensive activities
DB00207,DB00927,Azithromycin,Famotidine,QTc-prolonging activities
DB00932,DB01238,Tipranavir,Aripiprazole,serum concentration
DB06762,DB08899,Pinacidil,Enzalutamide,serum concentration
DB00454,DB00622,Pethidine,Nicardipine,metabolism
DB00195,DB04841,Betaxolol,Flunarizine,metabolism
DB00774,DB01164,Hydroflumethiazide,Calcium Chloride,excretion rate of higher serum level
DB00273,DB00333,Topiramate,Methadone,metabolism
DB00623,DB01161,Fluphenazine,Chloroprocaine,risk or severity of adverse effects
DB00474,DB00628,Methohexital,Clorazepate,risk or severity of adverse effects
DB00191,DB08806,Phentermine,Roxatidine acetate,sedative activities
DB01118,DB11921,Amiodarone,Deflazacort,metabolism
DB00543,DB00751,Amoxapine,Epinastine,vasoconstricting activities
DB00257,DB00521,Clotrimazole,Carteolol,metabolism
DB00912,DB01095,Repaglinide,Fluvastatin,serum concentration
DB00257,DB00364,Clotrimazole,Sucralfate,absorption
DB00774,DB01247,Hydroflumethiazide,Isocarboxazid,hypotensive activities
DB01437,DB11304,Glutethimide,Phenoxyethanol,risk or severity of adverse effects
DB00312,DB01656,Pentobarbital,Roflumilast,serum concentration
DB00823,DB04908,Ethynodiol diacetate,Flibanserin,serum concentration
DB01198,DB06204,Zopiclone,Tapentadol,central nervous system depressant (CNS depressant) activities
DB00281,DB00521,Lidocaine,Carteolol,serum concentration
DB00741,DB01601,Hydrocortisone,Lopinavir,metabolism
DB01259,DB11642,Lapatinib,Pitolisant,serum concentration
DB00433,DB08873,Prochlorperazine,Boceprevir,metabolism
DB01182,DB03128,Propafenone,Acetylcholine,risk or severity of adverse effects
DB00539,DB00738,Toremifene,Pentamidine,QTc-prolonging activities
DB00439,DB00989,Cerivastatin,Rivastigmine,serum concentration
DB00690,DB01142,Flurazepam,Doxepin,risk or severity of adverse effects
DB00468,DB00938,Quinine,Salmeterol,QTc-prolonging activities
DB00395,DB06216,Carisoprodol,Asenapine,risk or severity of adverse effects
DB00436,DB08907,Bendroflumethiazide,Canagliflozin,therapeutic efficacy
DB01104,DB09072,Sertraline,Sodium oxybate,risk or severity of adverse effects
DB00440,DB06210,Trimethoprim,Eltrombopag,metabolism
DB01320,DB13867,Fosphenytoin,Fluticasone,serum concentration
DB00979,DB01227,Cyclopentolate,Levomethadyl Acetate,risk or severity of adverse effects
DB09073,DB11273,Palbociclib,Dihydroergocornine,risk or severity of adverse effects
DB00557,DB01466,Hydroxyzine,Ethylmorphine,central nervous system depressant (CNS depressant) activities
DB00865,DB00935,Benzphetamine,Oxymetazoline,risk or severity of adverse effects
DB00252,DB00726,Phenytoin,Trimipramine,metabolism
DB01072,DB01609,Atazanavir,Deferasirox,serum concentration
DB01351,DB04844,Amobarbital,Tetrabenazine,risk or severity of adverse effects
DB00232,DB01050,Methyclothiazide,Ibuprofen,therapeutic efficacy
DB00377,DB00458,Palonosetron,Imipramine,metabolism
DB00647,DB01452,Dextropropoxyphene,Heroin,risk or severity of adverse effects
DB01267,DB06694,Paliperidone,Xylometazoline,vasoconstricting activities
DB00091,DB00514,Cyclosporine,Dextromethorphan,metabolism
DB01394,DB06290,Colchicine,Simeprevir,serum concentration
DB00961,DB01551,Mepivacaine,Dihydrocodeine,risk or severity of adverse effects
DB01047,DB05521,Fluocinonide,Telaprevir,serum concentration
DB06824,DB11348,Triethylenetetramine,Calcium Phosphate,serum concentration
DB01174,DB01255,Phenobarbital,Lisdexamfetamine,serum concentration
DB00978,DB09216,Lomefloxacin,Tolfenamic Acid,neuroexcitatory activities
DB00273,DB00783,Topiramate,Estradiol,serum concentration
DB00177,DB00203,Valsartan,Sildenafil,antihypertensive activities
DB00520,DB00696,Caspofungin,Ergotamine,risk or severity of adverse effects
DB01424,DB08820,Aminophenazone,Ivacaftor,serum concentration
DB00972,DB04855,Azelastine,Dronedarone,metabolism
DB12710,DB13116,Perazine,Norflurane,risk or severity of adverse effects
DB00489,DB09216,Sotalol,Tolfenamic Acid,antihypertensive activities
DB00310,DB09273,Chlorthalidone,Doxofylline,hypokalemic activities
DB00187,DB01229,Esmolol,Paclitaxel,risk or severity of adverse effects
DB00486,DB13259,Nabilone,Ethyl chloride,central nervous system depressant (CNS depressant) activities
DB00933,DB12492,Mesoridazine,Piritramide,risk or severity of adverse effects
DB01020,DB09282,Isosorbide Mononitrate,Molsidomine,hypotensive activities
DB00817,DB08881,Rosoxacin,Vemurafenib,risk or severity of QTc prolongation
DB00237,DB00647,Butabarbital,Dextropropoxyphene,risk or severity of adverse effects
DB00425,DB00734,Zolpidem,Risperidone,central nervous system depressant (CNS depressant) activities
DB00943,DB06595,Zalcitabine,Midostaurin,metabolism
DB04951,DB09214,Pirfenidone,Dexketoprofen,risk or severity of adverse effects
DB00615,DB00748,Rifabutin,Carbinoxamine,metabolism
DB01324,DB13800,Polythiazide,Calcium levulinate,excretion rate of higher serum level
DB01067,DB01149,Glipizide,Nefazodone,metabolism
DB01355,DB09389,Hexobarbital,Norgestrel,therapeutic efficacy
DB00634,DB06799,Sulfacetamide,Methenamine,risk or severity of adverse effects
DB00512,DB09268,Vancomycin,Picosulfuric acid,therapeutic efficacy
DB01325,DB08439,Quinethazone,Parecoxib,therapeutic efficacy
DB00867,DB12278,Ritodrine,Propiverine,vasoconstricting activities
DB00366,DB00588,Doxylamine,Fluticasone propionate,central nervous system depressant (CNS depressant) activities
DB00278,DB00890,Argatroban,Dienestrol,anticoagulant activities
DB00593,DB00639,Ethosuximide,Butoconazole,therapeutic efficacy
DB01171,DB08918,Moclobemide,Levomilnacipran,risk or severity of adverse effects
DB00182,DB06148,Amphetamine,Mianserin,risk or severity of adverse effects
DB00343,DB00727,Diltiazem,Nitroglycerin,risk or severity of adverse effects
DB01227,DB01551,Levomethadyl Acetate,Dihydrocodeine,risk or severity of adverse effects
DB00898,DB01067,Ethanol,Glipizide,risk or severity of adverse effects
DB00559,DB00656,Bosentan,Trazodone,serum concentration
DB01628,DB06781,Etoricoxib,Difluprednate,risk or severity of adverse effects
DB00273,DB04948,Topiramate,Lofexidine,therapeutic efficacy
DB00337,DB06287,Pimecrolimus,Temsirolimus,risk or severity of adverse effects
DB01016,DB08933,Glyburide,Luliconazole,serum concentration
DB00685,DB00741,Trovafloxacin,Hydrocortisone,risk or severity of adverse effects
DB01132,DB01435,Pioglitazone,Antipyrine,metabolism
DB00805,DB00998,Minaprine,Frovatriptan,metabolism
DB00591,DB00821,Fluocinolone Acetonide,Carprofen,risk or severity of adverse effects
DB00254,DB00731,Doxycycline,Nateglinide,metabolism
DB00708,DB01072,Sufentanil,Atazanavir,metabolism
DB00998,DB01168,Frovatriptan,Procarbazine,serum concentration
DB01037,DB01291,Selegiline,Pirbuterol,risk or severity of adverse effects
DB01064,DB06152,Isoprenaline,Nylidrin,risk or severity of adverse effects
DB08918,DB09330,Levomilnacipran,Osimertinib,serum concentration
DB00678,DB00755,Losartan,Tretinoin,metabolism
DB00547,DB09104,Desoximetasone,Magnesium hydroxide,bioavailability
DB00502,DB04842,Haloperidol,Fluspirilene,risk or severity of adverse effects
DB00475,DB04868,Chlordiazepoxide,Nilotinib,metabolism
DB01012,DB12161,Cinacalcet,Deutetrabenazine,serum concentration of active metabolites
DB00533,DB13954,Rofecoxib,Estradiol cypionate,thrombogenic activities
DB01577,DB08824,Methamphetamine,Ioflupane I-123,diagnostic agent
DB00790,DB01397,Perindopril,Magnesium salicylate,risk or severity of adverse effects
DB00844,DB01224,Nalbuphine,Quetiapine,risk or severity of adverse effects
DB00619,DB01588,Imatinib,Prazepam,metabolism
DB00962,DB09054,Zaleplon,Idelalisib,metabolism
DB01238,DB04871,Aripiprazole,Lorcaserin,serum concentration
DB00404,DB00427,Alprazolam,Triprolidine,risk or severity of adverse effects
DB00169,DB06414,Cholecalciferol,Etravirine,metabolism
DB00482,DB06739,Celecoxib,Seratrodast,risk or severity of adverse effects
DB01319,DB06684,Fosamprenavir,Vilazodone,serum concentration
DB00896,DB04573,Rimexolone,Estriol,serum concentration
DB00972,DB06826,Azelastine,Unoprostone,therapeutic efficacy
DB00418,DB01029,Secobarbital,Irbesartan,metabolism
DB00605,DB01009,Sulindac,Ketoprofen,risk or severity of adverse effects
DB01243,DB08992,Chloroxine,Eperisone,therapeutic efficacy
DB00540,DB06153,Nortriptyline,Pizotifen,antihypertensive activities
DB00541,DB00976,Vincristine,Telithromycin,metabolism
DB00490,DB08958,Buspirone,Hexetidine,metabolism
DB01397,DB05676,Magnesium salicylate,Apremilast,risk or severity of adverse effects
DB04841,DB09065,Flunarizine,Cobicistat,serum concentration
DB00320,DB01394,Dihydroergotamine,Colchicine,serum concentration
DB00794,DB00985,Primidone,Dimenhydrinate,risk or severity of adverse effects
DB00909,DB06282,Zonisamide,Levocetirizine,risk or severity of adverse effects
DB00916,DB11633,Metronidazole,Isavuconazole,serum concentration
DB01082,DB08439,Streptomycin,Parecoxib,excretion rate of higher serum level
DB00180,DB09195,Flunisolide,Lorpiprazole,serum concentration
DB00218,DB09082,Moxifloxacin,Vilanterol,QTc-prolonging activities
DB00838,DB00843,Clocortolone,Donepezil,risk or severity of adverse effects
DB00359,DB01118,Sulfadiazine,Amiodarone,metabolism
DB00809,DB09272,Tropicamide,Eluxadoline,constipating activities
DB00869,DB04861,Dorzolamide,Nebivolol,hypotensive activities
DB01242,DB01501,Clomipramine,Difenoxin,risk or severity of adverse effects
DB00384,DB00903,Triamterene,Etacrynic acid,risk or severity of adverse effects
DB00749,DB01210,Etodolac,Levobunolol,antihypertensive activities
DB00502,DB06153,Haloperidol,Pizotifen,risk or severity of adverse effects
DB00467,DB08938,Enoxacin,Magaldrate,absorption
DB01080,DB04842,Vigabatrin,Fluspirilene,risk or severity of adverse effects
DB00877,DB01026,Sirolimus,Ketoconazole,serum concentration
DB00321,DB01440,Amitriptyline,Gamma Hydroxybutyric Acid,risk or severity of adverse effects
DB00349,DB01466,Clobazam,Ethylmorphine,metabolism
DB00492,DB00796,Fosinopril,Candesartan cilexetil,risk or severity of adverse effects
DB00266,DB00726,Dicoumarol,Trimipramine,anticoagulant activities
DB01401,DB11660,Choline magnesium trisalicylate,Latanoprostene Bunod,therapeutic efficacy
DB00341,DB00737,Cetirizine,Meclizine,risk or severity of adverse effects
DB00873,DB05039,Loteprednol,Indacaterol,hypokalemic activities
DB00216,DB00298,Eletriptan,Dapiprazole,risk or severity of adverse effects
DB00215,DB08996,Citalopram,Dimetacrine,risk or severity of adverse effects
DB00395,DB00697,Carisoprodol,Tizanidine,risk or severity of adverse effects
DB01577,DB06767,Methamphetamine,Ammonium chloride,serum concentration
DB00292,DB00454,Etomidate,Pethidine,risk or severity of adverse effects
DB00352,DB01014,Tioguanine,Balsalazide,metabolism
DB00967,DB08883,Desloratadine,Perampanel,central nervous system depressant (CNS depressant) activities
DB00261,DB01026,Anagrelide,Ketoconazole,QTc-prolonging activities
DB00612,DB00705,Bisoprolol,Delavirdine,metabolism
DB00653,DB12492,Magnesium sulfate,Piritramide,therapeutic efficacy
DB00647,DB06288,Dextropropoxyphene,Amisulpride,risk or severity of adverse effects
DB00482,DB01429,Celecoxib,Aprindine,metabolism
DB09017,DB11609,Brotizolam,Normethadone,risk or severity of adverse effects
DB01254,DB09061,Dasatinib,Cannabidiol,serum concentration
DB00543,DB01246,Amoxapine,Alimemazine,risk or severity of adverse effects
DB00599,DB06713,Thiopental,Norelgestromin,therapeutic efficacy
DB00864,DB05265,Tacrolimus,Ecabet,metabolism
DB00475,DB06290,Chlordiazepoxide,Simeprevir,serum concentration
DB00195,DB06262,Betaxolol,Droxidopa,atrioventricular blocking (AV block) activities
DB00275,DB00296,Olmesartan,Ropivacaine,risk or severity of adverse effects
DB00502,DB08865,Haloperidol,Crizotinib,QTc-prolonging activities
DB00564,DB00622,Carbamazepine,Nicardipine,metabolism
DB00300,DB00526,Tenofovir disoproxil,Oxaliplatin,metabolism
DB00425,DB01235,Zolpidem,Levodopa,central nervous system depressant (CNS depressant) activities
DB00681,DB01422,Amphotericin B,Nitroxoline,therapeutic efficacy
DB00224,DB06228,Indinavir,Rivaroxaban,metabolism
DB00688,DB01129,Mycophenolate mofetil,Rabeprazole,metabolism
DB00591,DB09213,Fluocinolone Acetonide,Dexibuprofen,risk or severity of adverse effects
DB00852,DB01174,Pseudoephedrine,Phenobarbital,serum concentration
DB00313,DB14033,Valproic Acid,Acetyl sulfisoxazole,metabolism
DB01188,DB09236,Ciclopirox,Lacidipine,therapeutic efficacy
DB01367,DB11609,Rasagiline,Normethadone,risk or severity of adverse effects
DB06712,DB09065,Nilvadipine,Cobicistat,metabolism
DB01035,DB04946,Procainamide,Iloperidone,risk or severity of QTc prolongation
DB00179,DB00939,Masoprocol,Meclofenamic acid,risk or severity of adverse effects
DB00208,DB00327,Ticlopidine,Hydromorphone,metabolism
DB00831,DB01320,Trifluoperazine,Fosphenytoin,risk or severity of adverse effects
DB00264,DB00592,Metoprolol,Piperazine,metabolism
DB00176,DB09076,Fluvoxamine,Umeclidinium,metabolism
DB00208,DB09167,Ticlopidine,Dosulepin,metabolism
DB01591,DB12332,Solifenacin,Rucaparib,metabolism
DB00605,DB09026,Sulindac,Aliskiren,antihypertensive activities
DB00371,DB05812,Meprobamate,Abiraterone,metabolism
DB01160,DB12598,Dinoprost Tromethamine,Nafamostat,therapeutic efficacy
DB01253,DB09245,Ergonovine,Toloxatone,hypertensive activities
DB00871,DB09063,Terbutaline,Ceritinib,QTc-prolonging activities
DB00440,DB00836,Trimethoprim,Loperamide,metabolism
DB00559,DB01097,Bosentan,Leflunomide,serum concentration
DB08880,DB12070,Teriflunomide,Letermovir,serum concentration
DB00865,DB01620,Benzphetamine,Pheniramine,sedative activities
DB00865,DB06799,Benzphetamine,Methenamine,serum concentration
DB00281,DB06603,Lidocaine,Panobinostat,serum concentration
DB00465,DB00814,Ketorolac,Meloxicam,risk or severity of adverse effects
DB00486,DB00599,Nabilone,Thiopental,central nervous system depressant (CNS depressant) activities
DB00232,DB01088,Methyclothiazide,Iloprost,risk or severity of adverse effects
DB01101,DB01396,Capecitabine,Digitoxin,cardiotoxic activities
DB00794,DB05294,Primidone,Vandetanib,serum concentration
DB09280,DB11828,Lumacaftor,Neratinib,metabolism
DB00521,DB01009,Carteolol,Ketoprofen,antihypertensive activities
DB01601,DB06335,Lopinavir,Saxagliptin,serum concentration
DB06605,DB12474,Apixaban,Lynestrenol,therapeutic efficacy
DB00808,DB09084,Indapamide,Benzydamine,therapeutic efficacy
DB00366,DB01106,Doxylamine,Levocabastine,central nervous system depressant (CNS depressant) activities
DB00720,DB13158,Clodronic Acid,Clobetasone,risk or severity of adverse effects
DB01137,DB11921,Levofloxacin,Deflazacort,risk or severity of adverse effects
DB01182,DB06717,Propafenone,Fosaprepitant,serum concentration
DB00344,DB01002,Protriptyline,Levobupivacaine,risk or severity of adverse effects
DB00425,DB00619,Zolpidem,Imatinib,metabolism
DB06626,DB09119,Axitinib,Eslicarbazepine acetate,metabolism
DB01119,DB06267,Diazoxide,Udenafil,antihypertensive activities
DB01167,DB11637,Itraconazole,Delamanid,QTc-prolonging activities
DB00250,DB01072,Dapsone,Atazanavir,metabolism
DB00834,DB06290,Mifepristone,Simeprevir,serum concentration
DB00870,DB05676,Suprofen,Apremilast,risk or severity of adverse effects
DB00734,DB09097,Risperidone,Quinagolide,therapeutic efficacy
DB00342,DB01012,Terfenadine,Cinacalcet,metabolism
DB00361,DB01045,Vinorelbine,Rifampicin,metabolism
DB00636,DB01067,Clofibrate,Glipizide,hypoglycemic activities
DB00333,DB09048,Methadone,Netupitant,serum concentration
DB00240,DB00673,Alclometasone,Aprepitant,serum concentration
DB00950,DB01551,Fexofenadine,Dihydrocodeine,risk or severity of adverse effects
DB00511,DB00908,Acetyldigitoxin,Quinidine,serum concentration
DB00275,DB00706,Olmesartan,Tamsulosin,risk or severity of adverse effects
DB01162,DB01340,Terazosin,Cilazapril,risk or severity of adverse effects
DB01365,DB01577,Mephentermine,Methamphetamine,risk or severity of adverse effects
DB00232,DB01466,Methyclothiazide,Ethylmorphine,risk or severity of adverse effects
DB00594,DB00631,Amiloride,Clofarabine,risk or severity of adverse effects
DB00547,DB04573,Desoximetasone,Estriol,serum concentration
DB01029,DB09220,Irbesartan,Nicorandil,hyperkalemic activities
DB04841,DB12867,Flunarizine,Benperidol,risk or severity of adverse effects
DB00977,DB01067,Ethinyl Estradiol,Glipizide,therapeutic efficacy
DB00956,DB09244,Hydrocodone,Pirlindole,risk or severity of adverse effects
DB00313,DB01348,Valproic Acid,Spirapril,serum concentration
DB04846,DB06290,Celiprolol,Simeprevir,serum concentration
DB01433,DB13872,Methadyl Acetate,Lormetazepam,risk or severity of adverse effects
DB04552,DB06695,Niflumic Acid,Dabigatran etexilate,anticoagulant activities
DB00672,DB00794,Chlorpropamide,Primidone,metabolism
DB00359,DB08873,Sulfadiazine,Boceprevir,metabolism
DB04861,DB12332,Nebivolol,Rucaparib,serum concentration
DB00852,DB06767,Pseudoephedrine,Ammonium chloride,serum concentration
DB00323,DB00765,Tolcapone,Metyrosine,sedative activities
DB00310,DB08941,Chlorthalidone,Isoxsuprine,risk or severity of adverse effects
DB00285,DB11278,Venlafaxine,DL-Methylephedrine,tachycardic activities
DB01137,DB09281,Levofloxacin,Magnesium Trisilicate,absorption
DB00807,DB05271,Proparacaine,Rotigotine,sedative activities
DB00275,DB00393,Olmesartan,Nimodipine,hypotensive activities
DB00696,DB01274,Ergotamine,Arformoterol,hypertensive and vasoconstricting activities
DB00227,DB00540,Lovastatin,Nortriptyline,metabolism
DB00989,DB01186,Rivastigmine,Pergolide,risk or severity of adverse effects
DB00187,DB00482,Esmolol,Celecoxib,antihypertensive activities
DB00784,DB01395,Mefenamic acid,Drospirenone,hyperkalemic activities
DB01412,DB01466,Theobromine,Ethylmorphine,risk or severity of adverse effects
DB00518,DB00559,Albendazole,Bosentan,serum concentration
DB00169,DB00184,Cholecalciferol,Nicotine,metabolism
DB00220,DB08922,Nelfinavir,Perospirone,metabolism
DB00366,DB00427,Doxylamine,Triprolidine,central nervous system depressant (CNS depressant) activities
DB04855,DB05109,Dronedarone,Trabectedin,metabolism
DB00346,DB01180,Alfuzosin,Rescinnamine,hypotensive activities
DB00210,DB00905,Adapalene,Bimatoprost,therapeutic efficacy
DB00531,DB01280,Cyclophosphamide,Nelarabine,cardiotoxic activities
DB00252,DB01166,Phenytoin,Cilostazol,metabolism
DB00850,DB08987,Perphenazine,Etidocaine,risk or severity of adverse effects
DB01429,DB09238,Aprindine,Manidipine,metabolism
DB00486,DB09053,Nabilone,Ibrutinib,serum concentration
DB00757,DB08893,Dolasetron,Mirabegron,metabolism
DB00758,DB01220,Clopidogrel,Rifaximin,risk or severity of adverse effects
DB00683,DB00768,Midazolam,Olopatadine,risk or severity of adverse effects
DB00334,DB01016,Olanzapine,Glyburide,therapeutic efficacy
DB00831,DB01622,Trifluoperazine,Thioproperazine,antihypertensive activities
DB00418,DB00924,Secobarbital,Cyclobenzaprine,risk or severity of adverse effects
DB00976,DB14033,Telithromycin,Acetyl sulfisoxazole,metabolism
DB00669,DB01367,Sumatriptan,Rasagiline,serum concentration
DB01034,DB06152,Cerulenin,Nylidrin,therapeutic efficacy
DB00248,DB12332,Cabergoline,Rucaparib,risk or severity of adverse effects
DB00469,DB01708,Tenoxicam,Prasterone,risk or severity of adverse effects
DB00546,DB09054,Adinazolam,Idelalisib,metabolism
DB01545,DB06700,Ethyl loflazepate,Desvenlafaxine,risk or severity of adverse effects
DB00238,DB00705,Nevirapine,Delavirdine,metabolism
DB00273,DB01614,Topiramate,Acepromazine,risk or severity of adverse effects
DB00875,DB01195,Flupentixol,Flecainide,QTc-prolonging activities
DB00476,DB00750,Duloxetine,Prilocaine,risk or severity of adverse effects
DB00153,DB08820,Ergocalciferol,Ivacaftor,serum concentration
DB00910,DB01601,Paricalcitol,Lopinavir,serum concentration
DB00333,DB01339,Methadone,Vecuronium,risk or severity of adverse effects
DB01118,DB01234,Amiodarone,Dexamethasone,metabolism
DB00822,DB01201,Disulfiram,Rifapentine,metabolism
DB00402,DB00854,Eszopiclone,Levorphanol,risk or severity of adverse effects
DB00449,DB11921,Dipivefrin,Deflazacort,risk or severity of adverse effects
DB01621,DB11304,Pipotiazine,Phenoxyethanol,risk or severity of adverse effects
DB00176,DB01136,Fluvoxamine,Carvedilol,serum concentration
DB00317,DB00622,Gefitinib,Nicardipine,metabolism
DB01018,DB01544,Guanfacine,Flunitrazepam,risk or severity of adverse effects
DB01149,DB01351,Nefazodone,Amobarbital,risk or severity of adverse effects
DB06764,DB08918,Tetryzoline,Levomilnacipran,tachycardic activities
DB01349,DB08976,Tasosartan,Floctafenine,risk or severity of adverse effects
DB00843,DB09280,Donepezil,Lumacaftor,serum concentration
DB00818,DB06616,Propofol,Bosutinib,serum concentration
DB01173,DB01618,Orphenadrine,Molindone,central nervous system depressant (CNS depressant) activities
DB00731,DB12332,Nateglinide,Rucaparib,metabolism
DB06204,DB09244,Tapentadol,Pirlindole,risk or severity of adverse effects
DB00800,DB06292,Fenoldopam,Dapagliflozin,risk or severity of adverse effects
DB00498,DB13783,Phenindione,Acemetacin,risk or severity of bleeding
DB00184,DB08933,Nicotine,Luliconazole,serum concentration
DB00575,DB01158,Clonidine,Bretylium,bradycardic activities
DB06738,DB08922,Ketobemidone,Perospirone,risk or severity of adverse effects
DB00337,DB08819,Pimecrolimus,Tafluprost,therapeutic efficacy
DB00175,DB08881,Pravastatin,Vemurafenib,serum concentration
DB04844,DB09117,Tetrabenazine,Paraldehyde,central nervous system depressant (CNS depressant) activities
DB00241,DB00321,Butalbital,Amitriptyline,risk or severity of adverse effects
DB00231,DB00854,Temazepam,Levorphanol,risk or severity of adverse effects
DB01036,DB08873,Tolterodine,Boceprevir,serum concentration
DB00678,DB06739,Losartan,Seratrodast,metabolism
DB01155,DB13783,Gemifloxacin,Acemetacin,neuroexcitatory activities
DB00535,DB00798,Cefdinir,Gentamicin,nephrotoxic activities
DB00741,DB01014,Hydrocortisone,Balsalazide,risk or severity of adverse effects
DB01325,DB08907,Quinethazone,Canagliflozin,risk or severity of hypotension
DB00503,DB01079,Ritonavir,Tegaserod,metabolism
DB00866,DB00382,Alprenolol,Tacrine,bradycardic activities
DB00176,DB00189,Fluvoxamine,Ethchlorvynol,risk or severity of adverse effects
DB00465,DB09351,Ketorolac,Levobetaxolol,antihypertensive activities
DB00358,DB00960,Mefloquine,Pindolol,bradycardic activities
DB00179,DB08880,Masoprocol,Teriflunomide,risk or severity of adverse effects
DB00599,DB00907,Thiopental,Cocaine,risk or severity of adverse effects
DB06154,DB09282,Pentaerythritol Tetranitrate,Molsidomine,hypotensive activities
DB00648,DB09083,Mitotane,Ivabradine,serum concentration
DB01037,DB06207,Selegiline,Silodosin,serum concentration
DB00589,DB01045,Lisuride,Rifampicin,metabolism
DB00474,DB00903,Methohexital,Etacrynic acid,hypotensive activities
DB00188,DB01120,Bortezomib,Gliclazide,metabolism
DB01233,DB09300,Metoclopramide,Butylscopolamine,therapeutic efficacy
DB00220,DB00339,Nelfinavir,Pyrazinamide,metabolism
DB00925,DB01197,Phenoxybenzamine,Captopril,hypotensive activities
DB00475,DB01114,Chlordiazepoxide,Chlorphenamine,risk or severity of adverse effects
DB00363,DB00950,Clozapine,Fexofenadine,risk or severity of adverse effects
DB00310,DB00515,Chlorthalidone,Cisplatin,risk or severity of ototoxicity and nephrotoxicity
DB00798,DB01329,Gentamicin,Cefoperazone,nephrotoxic activities
DB00257,DB00829,Clotrimazole,Diazepam,metabolism
DB00237,DB09166,Butabarbital,Etizolam,risk or severity of adverse effects
DB00544,DB05219,Fluorouracil,Crisaborole,metabolism
DB05246,DB11304,Methsuximide,Phenoxyethanol,risk or severity of adverse effects
DB00559,DB00897,Bosentan,Triazolam,serum concentration
DB11712,DB11901,Tezacaftor,Apalutamide,serum concentration
DB00450,DB06694,Droperidol,Xylometazoline,vasoconstricting activities
DB00452,DB00565,Framycetin,Cisatracurium,respiratory depressant activities
DB00573,DB01222,Fenoprofen,Budesonide,risk or severity of adverse effects
DB01264,DB06228,Darunavir,Rivaroxaban,metabolism
DB09477,DB09543,Enalaprilat,Methyl salicylate,therapeutic efficacy
DB00281,DB00501,Lidocaine,Cimetidine,metabolism
DB00497,DB01601,Oxycodone,Lopinavir,risk or severity of adverse effects
DB01176,DB06216,Cyclizine,Asenapine,risk or severity of adverse effects
DB02789,DB04573,Pregnenolone,Estriol,serum concentration
DB00966,DB12598,Telmisartan,Nafamostat,risk or severity of adverse effects
DB00448,DB09119,Lansoprazole,Eslicarbazepine acetate,metabolism
DB00703,DB01162,Methazolamide,Terazosin,risk or severity of adverse effects
DB04876,DB06414,Vildagliptin,Etravirine,serum concentration
DB00320,DB01151,Dihydroergotamine,Desipramine,risk or severity of adverse effects
DB00647,DB09166,Dextropropoxyphene,Etizolam,risk or severity of adverse effects
DB01037,DB04846,Selegiline,Celiprolol,hypotensive activities
DB00297,DB06290,Bupivacaine,Simeprevir,serum concentration
DB00854,DB01192,Levorphanol,Oxymorphone,risk or severity of adverse effects
DB01551,DB12401,Dihydrocodeine,Bromperidol,risk or severity of adverse effects
DB00705,DB13595,Delavirdine,Almasilate,serum concentration
DB00661,DB00916,Verapamil,Metronidazole,metabolism
DB00655,DB11079,Estrone,Trolamine salicylate,risk or severity of adverse effects
DB00468,DB01184,Quinine,Domperidone,risk or severity of QTc prolongation
DB00238,DB01215,Nevirapine,Estazolam,metabolism
DB00850,DB13249,Perphenazine,Magnesium silicate,absorption
DB00964,DB09227,Apraclonidine,Barnidipine,risk or severity of adverse effects
DB00865,DB01176,Benzphetamine,Cyclizine,sedative activities
DB01401,DB04743,Choline magnesium trisalicylate,Nimesulide,risk or severity of adverse effects
DB01264,DB01384,Darunavir,Paramethasone,metabolism
DB01072,DB09027,Atazanavir,Ledipasvir,serum concentration
DB09128,DB12010,Brexpiprazole,Fostamatinib,hypotensive activities
DB00313,DB01200,Valproic Acid,Bromocriptine,risk or severity of adverse effects
DB00700,DB09288,Eplerenone,Propacetamol,antihypertensive activities
DB00335,DB00343,Atenolol,Diltiazem,hypotensive activities
DB01044,DB09091,Gatifloxacin,Tixocortol,risk or severity of adverse effects
DB00238,DB01191,Nevirapine,Dexfenfluramine,metabolism
DB00252,DB09082,Phenytoin,Vilanterol,metabolism
DB00695,DB01199,Furosemide,Tubocurarine,neuromuscular blocking activities
DB00482,DB01172,Celecoxib,Kanamycin,excretion rate of higher serum level
DB04855,DB00532,Dronedarone,Mephenytoin,metabolism
DB00606,DB09282,Cyclothiazide,Molsidomine,hypotensive activities
DB00932,DB01466,Tipranavir,Ethylmorphine,metabolism
DB00606,DB00622,Cyclothiazide,Nicardipine,hypotensive activities
DB00243,DB04868,Ranolazine,Nilotinib,serum concentration
DB00519,DB01340,Trandolapril,Cilazapril,hypotensive activities
DB01256,DB01601,Retapamulin,Lopinavir,serum concentration
DB00193,DB04946,Tramadol,Iloperidone,risk or severity of adverse effects
DB00591,DB08984,Fluocinolone Acetonide,Etofenamate,risk or severity of adverse effects
DB00687,DB01149,Fludrocortisone,Nefazodone,serum concentration
DB00285,DB00660,Venlafaxine,Metaxalone,risk or severity of adverse effects
DB01222,DB01226,Budesonide,Mivacurium,adverse neuromuscular activities
DB03585,DB04743,Oxyphenbutazone,Nimesulide,risk or severity of adverse effects
DB00316,DB00549,Acetaminophen,Zafirlukast,metabolism
DB00831,DB09229,Trifluoperazine,Aranidipine,risk or severity of hypotension
DB00586,DB09288,Diclofenac,Propacetamol,risk or severity of adverse effects
DB00575,DB00797,Clonidine,Tolazoline,hypotensive activities
DB00813,DB00962,Fentanyl,Zaleplon,risk or severity of adverse effects
DB00700,DB00788,Eplerenone,Naproxen,antihypertensive activities
DB00672,DB00871,Chlorpropamide,Terbutaline,hypoglycemic activities
DB00482,DB01104,Celecoxib,Sertraline,antiplatelet activities
DB00396,DB00419,Progesterone,Miglustat,therapeutic efficacy
DB00831,DB01081,Trifluoperazine,Diphenoxylate,risk or severity of adverse effects
DB00203,DB06739,Sildenafil,Seratrodast,metabolism
DB00675,DB01418,Tamoxifen,Acenocoumarol,anticoagulant activities
DB00226,DB00862,Guanadrel,Vardenafil,antihypertensive activities
DB00244,DB01077,Mesalazine,Etidronic acid,risk or severity of adverse effects
DB00177,DB00795,Valsartan,Sulfasalazine,risk or severity of adverse effects
DB00721,DB01198,Procaine,Zopiclone,risk or severity of adverse effects
DB01188,DB01320,Ciclopirox,Fosphenytoin,serum concentration
DB00452,DB00483,Framycetin,Gallamine Triethiodide,respiratory depressant activities
DB00266,DB00316,Dicoumarol,Acetaminophen,anticoagulant activities
DB00433,DB01403,Prochlorperazine,Methotrimeprazine,central nervous system depressant (CNS depressant) activities
DB00187,DB01295,Esmolol,Bevantolol,orthostatic hypotensive activities
DB00685,DB05676,Trovafloxacin,Apremilast,neuroexcitatory activities
DB00543,DB00899,Amoxapine,Remifentanil,risk or severity of adverse effects
DB00688,DB01397,Mycophenolate mofetil,Magnesium salicylate,risk or severity of adverse effects
DB00753,DB01115,Isoflurane,Nifedipine,risk or severity of adverse effects
DB00273,DB00462,Topiramate,Methylscopolamine bromide,risk or severity of adverse effects
DB00870,DB04552,Suprofen,Niflumic Acid,risk or severity of adverse effects
DB00230,DB00660,Pregabalin,Metaxalone,therapeutic efficacy
DB09016,DB09352,Butriptyline,Hydroxyamphetamine,stimulatory activities
DB00278,DB00294,Argatroban,Etonogestrel,therapeutic efficacy
DB00821,DB01380,Carprofen,Cortisone acetate,risk or severity of adverse effects
DB11273,DB11574,Dihydroergocornine,Elbasvir,risk or severity of adverse effects
DB00401,DB00818,Nisoldipine,Propofol,risk or severity of adverse effects
DB01622,DB11609,Thioproperazine,Normethadone,hypotensive activities
DB01259,DB01267,Lapatinib,Paliperidone,QTc-prolonging activities
DB00635,DB13783,Prednisone,Acemetacin,risk or severity of adverse effects
DB00268,DB01233,Ropinirole,Metoclopramide,therapeutic efficacy
DB01353,DB06153,Butethal,Pizotifen,risk or severity of adverse effects
DB00519,DB09236,Trandolapril,Lacidipine,hypotensive activities
DB00425,DB08912,Zolpidem,Dabrafenib,serum concentration
DB00367,DB01261,Levonorgestrel,Sitagliptin,therapeutic efficacy
DB00679,DB00915,Thioridazine,Amantadine,therapeutic efficacy
DB00964,DB01240,Apraclonidine,Epoprostenol,risk or severity of adverse effects
DB05219,DB06292,Crisaborole,Dapagliflozin,metabolism
DB08957,DB09244,Hexoprenaline,Pirlindole,risk or severity of adverse effects
DB00749,DB08819,Etodolac,Tafluprost,therapeutic efficacy
DB05521,DB09223,Telaprevir,Blonanserin,metabolism
DB00807,DB01403,Proparacaine,Methotrimeprazine,central nervous system depressant (CNS depressant) activities
DB00734,DB01595,Risperidone,Nitrazepam,risk or severity of adverse effects
DB00608,DB01590,Chloroquine,Everolimus,serum concentration
DB00420,DB01267,Promazine,Paliperidone,QTc-prolonging activities
DB00203,DB01241,Sildenafil,Gemfibrozil,metabolism
DB00622,DB01170,Nicardipine,Guanethidine,hypotensive activities
DB01076,DB13943,Atorvastatin,Testosterone cypionate,risk or severity of adverse effects
DB00334,DB00806,Olanzapine,Pentoxifylline,hypotensive activities
DB01102,DB09241,Arbutamine,Methylene blue,risk or severity of adverse effects
DB00834,DB01251,Mifepristone,Gliquidone,hypoglycemic activities
DB00924,DB00933,Cyclobenzaprine,Mesoridazine,risk or severity of adverse effects
DB00590,DB01175,Doxazosin,Escitalopram,antihypertensive activities
DB00489,DB04743,Sotalol,Nimesulide,antihypertensive activities
DB00436,DB00809,Bendroflumethiazide,Tropicamide,serum concentration
DB00264,DB01089,Metoprolol,Deserpidine,hypotensive activities
DB01567,DB09342,Fludiazepam,Propoxycaine,risk or severity of adverse effects
DB00673,DB06713,Aprepitant,Norelgestromin,serum concentration
DB00635,DB13532,Prednisone,Cyclopenthiazide,hypokalemic activities
DB00371,DB09166,Meprobamate,Etizolam,risk or severity of adverse effects
DB00268,DB00408,Ropinirole,Loxapine,sedative activities
DB01118,DB05239,Amiodarone,Cobimetinib,serum concentration
DB00653,DB01336,Magnesium sulfate,Metocurine,neuromuscular blocking activities
DB01181,DB09074,Ifosfamide,Olaparib,serum concentration
DB01227,DB01242,Levomethadyl Acetate,Clomipramine,risk or severity of adverse effects
DB00224,DB06725,Indinavir,Lornoxicam,metabolism
DB00472,DB00570,Fluoxetine,Vinblastine,metabolism
DB00196,DB01410,Fluconazole,Ciclesonide,metabolism
DB00206,DB01182,Reserpine,Propafenone,hypotensive activities
DB01576,DB06267,Dextroamphetamine,Udenafil,hypotensive activities
DB00246,DB00643,Ziprasidone,Mebendazole,metabolism
DB00240,DB06401,Alclometasone,Bazedoxifene,serum concentration
DB04743,DB08981,Nimesulide,Fenbufen,risk or severity of adverse effects
DB00712,DB01097,Flurbiprofen,Leflunomide,risk or severity of adverse effects
DB00486,DB01029,Nabilone,Irbesartan,risk or severity of adverse effects
DB00715,DB08883,Paroxetine,Perampanel,risk or severity of adverse effects
DB08880,DB12010,Teriflunomide,Fostamatinib,serum concentration
DB01080,DB01433,Vigabatrin,Methadyl Acetate,risk or severity of adverse effects
DB00571,DB11633,Propranolol,Isavuconazole,serum concentration
DB00653,DB09072,Magnesium sulfate,Sodium oxybate,central nervous system depressant (CNS depressant) activities
DB01174,DB09128,Phenobarbital,Brexpiprazole,serum concentration
DB00273,DB11614,Topiramate,Rupatadine,metabolism
DB00390,DB00958,Digoxin,Carboplatin,cardiotoxic activities
DB00246,DB00603,Ziprasidone,Medroxyprogesterone acetate,metabolism
DB00571,DB00615,Propranolol,Rifabutin,metabolism
DB00835,DB01238,Brompheniramine,Aripiprazole,risk or severity of adverse effects
DB01208,DB09084,Sparfloxacin,Benzydamine,neuroexcitatory activities
DB04574,DB09343,Estrone sulfate,Tipiracil,therapeutic efficacy
DB00850,DB01214,Perphenazine,Metipranolol,hypotensive activities
DB00524,DB04817,Metolazone,Metamizole,therapeutic efficacy
DB00006,DB13952,Bivalirudin,Estradiol acetate,anticoagulant activities
DB00454,DB00705,Pethidine,Delavirdine,metabolism
DB08865,DB08901,Crizotinib,Ponatinib,metabolism
DB00829,DB01129,Diazepam,Rabeprazole,metabolism
DB00503,DB00589,Ritonavir,Lisuride,risk or severity of adverse effects
DB01236,DB08872,Sevoflurane,Gabapentin Enacarbil,risk or severity of adverse effects
DB00491,DB00936,Miglitol,Salicylic acid,hypoglycemic activities
DB00520,DB01248,Caspofungin,Docetaxel,metabolism
DB01029,DB01131,Irbesartan,Proguanil,metabolism
DB01551,DB09054,Dihydrocodeine,Idelalisib,metabolism
DB00334,DB04868,Olanzapine,Nilotinib,serum concentration
DB00620,DB00890,Triamcinolone,Dienestrol,serum concentration
DB01337,DB06204,Pancuronium,Tapentadol,risk or severity of adverse effects
DB00252,DB00959,Phenytoin,Methylprednisolone,serum concentration
DB00203,DB01151,Sildenafil,Desipramine,metabolism
DB00757,DB01259,Dolasetron,Lapatinib,QTc-prolonging activities
DB00732,DB01021,Atracurium besylate,Trichlormethiazide,neuromuscular blocking activities
DB00715,DB00936,Paroxetine,Salicylic acid,antiplatelet activities
DB00943,DB09073,Zalcitabine,Palbociclib,serum concentration
DB01097,DB13783,Leflunomide,Acemetacin,risk or severity of adverse effects
DB00530,DB08899,Erlotinib,Enzalutamide,serum concentration
DB00388,DB00706,Phenylephrine,Tamsulosin,vasoconstricting activities
DB00443,DB05521,Betamethasone,Telaprevir,serum concentration
DB00866,DB01340,Alprenolol,Cilazapril,hypotensive activities
DB00897,DB06288,Triazolam,Amisulpride,risk or severity of adverse effects
DB00708,DB12492,Sufentanil,Piritramide,risk or severity of adverse effects
DB00562,DB00940,Benzthiazide,Methantheline,serum concentration
DB00475,DB06153,Chlordiazepoxide,Pizotifen,risk or severity of adverse effects
DB05521,DB11921,Telaprevir,Deflazacort,serum concentration
DB00619,DB00678,Imatinib,Losartan,metabolism
DB00434,DB01353,Cyproheptadine,Butethal,risk or severity of adverse effects
DB00677,DB01708,Isoflurophate,Prasterone,risk or severity of adverse effects
DB00207,DB11901,Azithromycin,Apalutamide,serum concentration
DB00220,DB00395,Nelfinavir,Carisoprodol,metabolism
DB00215,DB01114,Citalopram,Chlorphenamine,metabolism
DB00181,DB06738,Baclofen,Ketobemidone,risk or severity of adverse effects
DB00956,DB01118,Hydrocodone,Amiodarone,serum concentration
DB01076,DB06589,Atorvastatin,Pazopanib,risk or severity of adverse effects
DB00338,DB00752,Omeprazole,Tranylcypromine,metabolism
DB00956,DB04908,Hydrocodone,Flibanserin,central nervous system depressant (CNS depressant) activities
DB00596,DB01609,Ulobetasol,Deferasirox,risk or severity of adverse effects
DB01466,DB04953,Ethylmorphine,Ezogabine,risk or severity of adverse effects
DB06267,DB09070,Udenafil,Tibolone,antihypertensive activities
DB00964,DB13345,Apraclonidine,Dihydroergocristine,hypertensive activities
DB01071,DB06723,Mequitazine,Aluminum hydroxide,absorption
DB00439,DB06774,Cerivastatin,Capsaicin,serum concentration
DB01088,DB06802,Iloprost,Nepafenac,therapeutic efficacy
DB00692,DB04838,Phentolamine,Cyclandelate,risk or severity of hypotension
DB00794,DB01028,Primidone,Methoxyflurane,metabolism
DB00298,DB00514,Dapiprazole,Dextromethorphan,risk or severity of adverse effects
DB00425,DB00482,Zolpidem,Celecoxib,metabolism
DB00619,DB08895,Imatinib,Tofacitinib,immunosuppressive activities
DB00777,DB01577,Propiomazine,Methamphetamine,vasoconstricting activities
DB01466,DB01624,Ethylmorphine,Zuclopenthixol,risk or severity of adverse effects
DB00489,DB00697,Sotalol,Tizanidine,atrioventricular blocking (AV block) activities
DB00762,DB09074,Irinotecan,Olaparib,metabolism
DB00492,DB01283,Fosinopril,Lumiracoxib,risk or severity of adverse effects
DB00206,DB01624,Reserpine,Zuclopenthixol,risk or severity of adverse effects
DB01708,DB09074,Prasterone,Olaparib,metabolism
DB00653,DB09342,Magnesium sulfate,Propoxycaine,therapeutic efficacy
DB01002,DB01229,Levobupivacaine,Paclitaxel,risk or severity of adverse effects
DB00333,DB00675,Methadone,Tamoxifen,serum concentration
DB00629,DB04946,Guanabenz,Iloperidone,vasoconstricting activities
DB00976,DB09034,Telithromycin,Suvorexant,serum concentration
DB00588,DB00750,Fluticasone propionate,Prilocaine,risk or severity of adverse effects
DB01232,DB09054,Saquinavir,Idelalisib,serum concentration
DB06695,DB06807,Dabigatran etexilate,Phenyl aminosalicylate,anticoagulant activities
DB00448,DB00625,Lansoprazole,Efavirenz,metabolism
DB01007,DB01076,Tioconazole,Atorvastatin,risk or severity of adverse effects
DB01149,DB01193,Nefazodone,Acebutolol,orthostatic hypotensive activities
DB00497,DB00903,Oxycodone,Etacrynic acid,risk or severity of adverse effects
DB00741,DB06290,Hydrocortisone,Simeprevir,serum concentration
DB00905,DB00968,Bimatoprost,Methyldopa,hypotensive activities
DB01216,DB09048,Finasteride,Netupitant,serum concentration
DB01349,DB06212,Tasosartan,Tolvaptan,hyperkalemic activities
DB00731,DB01420,Nateglinide,Testosterone propionate,hypoglycemic activities
DB00753,DB01100,Isoflurane,Pimozide,QTc-prolonging activities
DB00188,DB00742,Bortezomib,Mannitol,risk or severity of adverse effects
DB00433,DB01370,Prochlorperazine,Aluminium,absorption
DB00238,DB00757,Nevirapine,Dolasetron,metabolism
DB00227,DB08864,Lovastatin,Rilpivirine,serum concentration
DB00688,DB00880,Mycophenolate mofetil,Chlorothiazide,therapeutic efficacy
DB00215,DB00295,Citalopram,Morphine,metabolism
DB04898,DB09084,Ximelagatran,Benzydamine,anticoagulant activities
DB01195,DB04953,Flecainide,Ezogabine,QTc-prolonging activities
DB00537,DB00861,Ciprofloxacin,Diflunisal,neuroexcitatory activities
DB00726,DB01168,Trimipramine,Procarbazine,serotonergic activities
DB00549,DB06803,Zafirlukast,Niclosamide,metabolism
DB06738,DB09009,Ketobemidone,Articaine,risk or severity of adverse effects
DB00695,DB01466,Furosemide,Ethylmorphine,risk or severity of adverse effects
DB00554,DB01397,Piroxicam,Magnesium salicylate,risk or severity of adverse effects
DB00434,DB00611,Cyproheptadine,Butorphanol,risk or severity of adverse effects
DB00425,DB00849,Zolpidem,Methylphenobarbital,central nervous system depressant (CNS depressant) activities
DB00774,DB08918,Hydroflumethiazide,Levomilnacipran,hyponatremic activities
DB00277,DB01156,Theophylline,Bupropion,metabolism
DB00726,DB01215,Trimipramine,Estazolam,risk or severity of adverse effects
DB00342,DB09065,Terfenadine,Cobicistat,serum concentration
DB00374,DB01435,Treprostinil,Antipyrine,risk or severity of adverse effects
DB00191,DB01075,Phentermine,Diphenhydramine,sedative activities
DB01624,DB12313,Zuclopenthixol,Dopexamine,vasoconstricting activities
DB00511,DB00603,Acetyldigitoxin,Medroxyprogesterone acetate,cardiotoxic activities
DB00697,DB01232,Tizanidine,Saquinavir,QTc-prolonging activities
DB00925,DB09286,Phenoxybenzamine,Pipamperone,risk or severity of adverse effects
DB01198,DB01615,Zopiclone,Aceprometazine,risk or severity of adverse effects
DB00364,DB00695,Sucralfate,Furosemide,serum concentration
DB00289,DB00863,Atomoxetine,Ranitidine,metabolism
DB00650,DB01320,Leucovorin,Fosphenytoin,serum concentration
DB01401,DB09292,Choline magnesium trisalicylate,Sacubitril,risk or severity of adverse effects
DB00298,DB00934,Dapiprazole,Maprotiline,risk or severity of adverse effects
DB00896,DB04864,Rimexolone,Huperzine A,risk or severity of adverse effects
DB00503,DB01232,Ritonavir,Saquinavir,metabolism
DB00588,DB06807,Fluticasone propionate,Phenyl aminosalicylate,risk or severity of adverse effects
DB00819,DB13783,Acetazolamide,Acemetacin,therapeutic efficacy
DB00908,DB08918,Quinidine,Levomilnacipran,metabolism
DB00990,DB09118,Exemestane,Stiripentol,serum concentration
DB00261,DB09053,Anagrelide,Ibrutinib,risk or severity of adverse effects
DB01624,DB04861,Zuclopenthixol,Nebivolol,orthostatic hypotensive activities
DB00221,DB00797,Isoetarine,Tolazoline,vasoconstricting activities
DB00682,DB00817,Warfarin,Rosoxacin,anticoagulant activities
DB04855,DB08901,Dronedarone,Ponatinib,metabolism
DB00188,DB00425,Bortezomib,Zolpidem,metabolism
DB00449,DB01222,Dipivefrin,Budesonide,risk or severity of adverse effects
DB00724,DB09330,Imiquimod,Osimertinib,serum concentration
DB00277,DB01044,Theophylline,Gatifloxacin,metabolism
DB00699,DB00938,Nicergoline,Salmeterol,vasoconstricting activities
DB00533,DB08933,Rofecoxib,Luliconazole,serum concentration
DB00966,DB01235,Telmisartan,Levodopa,orthostatic hypotensive activities
DB00275,DB00755,Olmesartan,Tretinoin,risk or severity of adverse effects
DB01075,DB12867,Diphenhydramine,Benperidol,risk or severity of adverse effects
DB08439,DB08910,Parecoxib,Pomalidomide,risk or severity of adverse effects
DB00341,DB00599,Cetirizine,Thiopental,risk or severity of adverse effects
DB00735,DB08808,Naftifine,Bupranolol,antihypertensive activities
DB01068,DB12710,Clonazepam,Perazine,risk or severity of adverse effects
DB01247,DB01621,Isocarboxazid,Pipotiazine,risk or severity of adverse effects
DB00159,DB01234,Icosapent,Dexamethasone,risk or severity of adverse effects
DB01419,DB06196,Antrafenine,Icatibant,risk or severity of adverse effects
DB00366,DB01463,Doxylamine,Fencamfamine,central nervous system depressant (CNS depressant) activities
DB00412,DB06441,Rosiglitazone,Cangrelor,anticoagulant activities
DB00862,DB12945,Vardenafil,Dihydralazine,antihypertensive activities
DB00535,DB00684,Cefdinir,Tobramycin,nephrotoxic activities
DB01158,DB01612,Bretylium,Amyl Nitrite,risk or severity of adverse effects
DB00675,DB01319,Tamoxifen,Fosamprenavir,metabolism
DB00270,DB04868,Isradipine,Nilotinib,QTc-prolonging activities
DB00300,DB09084,Tenofovir disoproxil,Benzydamine,risk or severity of adverse effects
DB00925,DB01580,Phenoxybenzamine,Oxprenolol,orthostatic hypotensive activities
DB00176,DB01384,Fluvoxamine,Paramethasone,metabolism
DB00726,DB09063,Trimipramine,Ceritinib,serum concentration
DB00996,DB06690,Gabapentin,Nitrous oxide,risk or severity of adverse effects
DB00980,DB01124,Ramelteon,Tolbutamide,serum concentration
DB04540,DB09049,Cholesterol,Naloxegol,serum concentration
DB00691,DB01275,Moexipril,Hydralazine,hypotensive activities
DB00706,DB01247,Tamsulosin,Isocarboxazid,risk or severity of adverse effects
DB00972,DB13867,Azelastine,Fluticasone,risk or severity of adverse effects
DB00950,DB01614,Fexofenadine,Acepromazine,risk or severity of adverse effects
DB00365,DB13136,Grepafloxacin,Fluindione,anticoagulant activities
DB00555,DB06282,Lamotrigine,Levocetirizine,risk or severity of adverse effects
DB00736,DB13954,Esomeprazole,Estradiol cypionate,metabolism
DB01626,DB08918,Pargyline,Levomilnacipran,serotonergic activities
DB01028,DB01624,Methoxyflurane,Zuclopenthixol,risk or severity of adverse effects
DB00681,DB08992,Amphotericin B,Eperisone,therapeutic efficacy
DB00603,DB01609,Medroxyprogesterone acetate,Deferasirox,serum concentration
DB00639,DB00864,Butoconazole,Tacrolimus,metabolism
DB00472,DB00953,Fluoxetine,Rizatriptan,risk or severity of adverse effects
DB00316,DB01013,Acetaminophen,Clobetasol propionate,risk or severity of adverse effects
DB00470,DB00854,Dronabinol,Levorphanol,central nervous system depressant (CNS depressant) activities
DB00210,DB00856,Adapalene,Chlorphenesin,risk or severity of adverse effects
DB01192,DB09015,Oxymorphone,Canrenoic acid,risk or severity of adverse effects
DB00540,DB01173,Nortriptyline,Orphenadrine,central nervous system depressant (CNS depressant) activities
DB00555,DB00854,Lamotrigine,Levorphanol,risk or severity of adverse effects
DB00439,DB00455,Cerivastatin,Loratadine,serum concentration
DB09195,DB09389,Lorpiprazole,Norgestrel,serum concentration
DB00814,DB09279,Meloxicam,Fimasartan,risk or severity of adverse effects
DB00588,DB00892,Fluticasone propionate,Oxybuprocaine,risk or severity of adverse effects
DB00497,DB01626,Oxycodone,Pargyline,risk or severity of adverse effects
DB00310,DB00652,Chlorthalidone,Pentazocine,risk or severity of adverse effects
DB00906,DB01189,Tiagabine,Desflurane,risk or severity of adverse effects
DB00692,DB01154,Phentolamine,Thiamylal,hypotensive activities
DB00619,DB00620,Imatinib,Triamcinolone,metabolism
DB00586,DB00876,Diclofenac,Eprosartan,risk or severity of adverse effects
DB00458,DB09120,Imipramine,Zucapsaicin,metabolism
DB00508,DB00934,Triflupromazine,Maprotiline,risk or severity of adverse effects
DB00433,DB09280,Prochlorperazine,Lumacaftor,metabolism
DB00752,DB06697,Tranylcypromine,Artemether,metabolism
DB00221,DB01149,Isoetarine,Nefazodone,vasoconstricting activities
DB00774,DB00776,Hydroflumethiazide,Oxcarbazepine,risk or severity of hyponatremia
DB00292,DB00699,Etomidate,Nicergoline,vasoconstricting activities
DB00487,DB01222,Pefloxacin,Budesonide,risk or severity of adverse effects
DB01114,DB13323,Chlorphenamine,Trichloroethylene,risk or severity of adverse effects
DB00877,DB01120,Sirolimus,Gliclazide,therapeutic efficacy
DB00584,DB06267,Enalapril,Udenafil,antihypertensive activities
DB09216,DB11093,Tolfenamic Acid,Calcium Citrate,therapeutic efficacy
DB00503,DB00619,Ritonavir,Imatinib,metabolism
DB00498,DB09211,Phenindione,Limaprost,risk or severity of adverse effects
DB00205,DB00327,Pyrimethamine,Hydromorphone,metabolism
DB04840,DB09220,Debrisoquin,Nicorandil,hypotensive activities
DB00247,DB00263,Methysergide,Sulfisoxazole,risk or severity of adverse effects
DB00480,DB13954,Lenalidomide,Estradiol cypionate,thrombogenic activities
DB00255,DB06802,Diethylstilbestrol,Nepafenac,thrombogenic activities
DB00898,DB09048,Ethanol,Netupitant,serum concentration
DB00821,DB01149,Carprofen,Nefazodone,antiplatelet activities
DB00906,DB00924,Tiagabine,Cyclobenzaprine,risk or severity of adverse effects
DB06694,DB09220,Xylometazoline,Nicorandil,hypotensive activities
DB06196,DB06216,Icatibant,Asenapine,antihypertensive activities
DB01253,DB11574,Ergonovine,Elbasvir,risk or severity of adverse effects
DB01023,DB01261,Felodipine,Sitagliptin,metabolism
DB00715,DB01202,Paroxetine,Levetiracetam,risk or severity of adverse effects
DB06201,DB06716,Rufinamide,Fospropofol,risk or severity of adverse effects
DB00426,DB11672,Famciclovir,Curcumin,metabolism
DB00582,DB00897,Voriconazole,Triazolam,metabolism
DB00502,DB01202,Haloperidol,Levetiracetam,risk or severity of adverse effects
DB00880,DB01062,Chlorothiazide,Oxybutynin,serum concentration
DB00541,DB08827,Vincristine,Lomitapide,excretion
DB00014,DB00188,Goserelin,Bortezomib,QTc-prolonging activities
DB00264,DB08981,Metoprolol,Fenbufen,antihypertensive activities
DB00794,DB06216,Primidone,Asenapine,metabolism
DB00246,DB01410,Ziprasidone,Ciclesonide,metabolism
DB00278,DB01024,Argatroban,Mycophenolic acid,anticoagulant activities
DB07615,DB13783,Tranilast,Acemetacin,risk or severity of adverse effects
DB00909,DB01377,Zonisamide,Magnesium oxide,risk or severity of hypotension and neuromuscular blockade
DB01114,DB11642,Chlorphenamine,Pitolisant,serum concentration
DB01045,DB08895,Rifampicin,Tofacitinib,serum concentration
DB00248,DB01580,Cabergoline,Oxprenolol,vasoconstricting activities
DB00289,DB04946,Atomoxetine,Iloperidone,QTc-prolonging activities
DB01130,DB01167,Prednicarbate,Itraconazole,serum concentration
DB01253,DB14033,Ergonovine,Acetyl sulfisoxazole,risk or severity of adverse effects
DB00176,DB13074,Fluvoxamine,Macimorelin,metabolism
DB00677,DB06287,Isoflurophate,Temsirolimus,risk or severity of adverse effects
DB00202,DB00802,Succinylcholine,Alfentanil,bradycardic activities
DB01255,DB08957,Lisdexamfetamine,Hexoprenaline,vasoconstricting activities
DB00808,DB01020,Indapamide,Isosorbide Mononitrate,risk or severity of adverse effects
DB00691,DB00752,Moexipril,Tranylcypromine,hypotensive activities
DB00188,DB00227,Bortezomib,Lovastatin,serum concentration
DB00210,DB01059,Adapalene,Norfloxacin,neuroexcitatory activities
DB01090,DB01148,Pentolinium,Flavoxate,risk or severity of adverse effects
DB00753,DB08815,Isoflurane,Lurasidone,risk or severity of adverse effects
DB00035,DB00318,Desmopressin,Codeine,risk or severity of adverse effects
DB00423,DB00898,Methocarbamol,Ethanol,central nervous system depressant (CNS depressant) activities
DB00244,DB11660,Mesalazine,Latanoprostene Bunod,therapeutic efficacy
DB00187,DB08822,Esmolol,Azilsartan medoxomil,risk or severity of adverse effects
DB00726,DB09232,Trimipramine,Cilnidipine,risk or severity of hypotension
DB00750,DB01558,Prilocaine,Bromazepam,risk or severity of adverse effects
DB01101,DB08868,Capecitabine,Fingolimod,immunosuppressive activities
DB00253,DB01401,Medrysone,Choline magnesium trisalicylate,risk or severity of adverse effects
DB00458,DB00887,Imipramine,Bumetanide,risk or severity of adverse effects
DB00439,DB00745,Cerivastatin,Modafinil,serum concentration
DB00418,DB00794,Secobarbital,Primidone,risk or severity of adverse effects
DB00944,DB08905,Demecarium,Formestane,risk or severity of adverse effects
DB00562,DB09300,Benzthiazide,Butylscopolamine,serum concentration
DB00448,DB06636,Lansoprazole,Isavuconazonium,metabolism
DB00186,DB00527,Lorazepam,Cinchocaine,risk or severity of adverse effects
DB01206,DB09065,Lomustine,Cobicistat,serum concentration
DB00997,DB11586,Doxorubicin,Asunaprevir,serum concentration
DB01551,DB09235,Dihydrocodeine,Efonidipine,risk or severity of adverse effects
DB01091,DB09235,Butenafine,Efonidipine,therapeutic efficacy
DB00535,DB01421,Cefdinir,Paromomycin,nephrotoxic activities
DB00176,DB00842,Fluvoxamine,Oxazepam,metabolism
DB00570,DB09343,Vinblastine,Tipiracil,serum concentration
DB00696,DB01275,Ergotamine,Hydralazine,risk or severity of adverse effects
DB00280,DB01320,Disopyramide,Fosphenytoin,QTc-prolonging activities
DB01201,DB06145,Rifapentine,Spiramycin,metabolism
DB00255,DB00794,Diethylstilbestrol,Primidone,therapeutic efficacy
DB00508,DB01192,Triflupromazine,Oxymorphone,risk or severity of adverse effects
DB00692,DB00908,Phentolamine,Quinidine,antihypertensive activities
DB00297,DB01012,Bupivacaine,Cinacalcet,metabolism
DB00349,DB09198,Clobazam,Lobeglitazone,metabolism
DB00176,DB01115,Fluvoxamine,Nifedipine,metabolism
DB00772,DB09198,Malathion,Lobeglitazone,metabolism
DB00193,DB00852,Tramadol,Pseudoephedrine,analgesic activities
DB00226,DB00622,Guanadrel,Nicardipine,hypotensive activities
DB00252,DB00409,Phenytoin,Remoxipride,risk or severity of adverse effects
DB00720,DB01708,Clodronic Acid,Prasterone,risk or severity of adverse effects
DB04839,DB08882,Cyproterone acetate,Linagliptin,therapeutic efficacy
DB01320,DB09031,Fosphenytoin,Miltefosine,serum concentration
DB00883,DB08873,Isosorbide Dinitrate,Boceprevir,metabolism
DB00524,DB01238,Metolazone,Aripiprazole,hypotensive activities
DB00660,DB01202,Metaxalone,Levetiracetam,risk or severity of adverse effects
DB00394,DB00465,Beclomethasone dipropionate,Ketorolac,risk or severity of adverse effects
DB00223,DB00483,Diflorasone,Gallamine Triethiodide,risk or severity of adverse effects
DB09031,DB09216,Miltefosine,Tolfenamic Acid,therapeutic efficacy
DB01214,DB09236,Metipranolol,Lacidipine,hypotensive activities
DB05521,DB11274,Telaprevir,Dihydro-alpha-ergocryptine,metabolism
DB00421,DB06711,Spironolactone,Naphazoline,vasoconstricting activities
DB00312,DB00771,Pentobarbital,Clidinium,risk or severity of adverse effects
DB00524,DB01041,Metolazone,Thalidomide,risk or severity of adverse effects
DB01283,DB08906,Lumiracoxib,Fluticasone furoate,risk or severity of adverse effects
DB01081,DB01615,Diphenoxylate,Aceprometazine,risk or severity of adverse effects
DB02703,DB13943,Fusidic Acid,Testosterone cypionate,serum concentration
DB00203,DB01050,Sildenafil,Ibuprofen,metabolism
DB01595,DB11672,Nitrazepam,Curcumin,metabolism
DB00615,DB00829,Rifabutin,Diazepam,metabolism
DB00189,DB01267,Ethchlorvynol,Paliperidone,risk or severity of adverse effects
DB00363,DB01392,Clozapine,Yohimbine,metabolism
DB00333,DB00418,Methadone,Secobarbital,metabolism
DB08822,DB08880,Azilsartan medoxomil,Teriflunomide,risk or severity of adverse effects
DB00850,DB01072,Perphenazine,Atazanavir,metabolism
DB00765,DB01065,Metyrosine,Melatonin,sedative activities
DB00285,DB00805,Venlafaxine,Minaprine,risk or severity of adverse effects
DB01251,DB06663,Gliquidone,Pasireotide,therapeutic efficacy
DB00869,DB09238,Dorzolamide,Manidipine,hypotensive activities
DB01069,DB09042,Promethazine,Tedizolid Phosphate,serotonergic activities
DB00199,DB00701,Erythromycin,Amprenavir,metabolism
DB00682,DB00849,Warfarin,Methylphenobarbital,metabolism
DB00231,DB11148,Temazepam,Butamben,risk or severity of adverse effects
DB00091,DB00359,Cyclosporine,Sulfadiazine,nephrotoxic activities
DB00686,DB08976,Pentosan Polysulfate,Floctafenine,anticoagulant activities
DB00277,DB01623,Theophylline,Thiothixene,metabolism
DB01603,DB03615,Meticillin,Ribostamycin,serum concentration
DB01050,DB13956,Ibuprofen,Estradiol valerate,thrombogenic activities
DB00818,DB00925,Propofol,Phenoxybenzamine,risk or severity of adverse effects
DB00599,DB01427,Thiopental,Amrinone,metabolism
DB00673,DB00845,Aprepitant,Clofazimine,serum concentration
DB00215,DB00851,Citalopram,Dacarbazine,metabolism
DB08905,DB09216,Formestane,Tolfenamic Acid,risk or severity of adverse effects
DB00248,DB01193,Cabergoline,Acebutolol,vasoconstricting activities
DB00533,DB06228,Rofecoxib,Rivaroxaban,anticoagulant activities
DB00268,DB09009,Ropinirole,Articaine,sedative activities
DB01395,DB06228,Drospirenone,Rivaroxaban,therapeutic efficacy
DB00591,DB01390,Fluocinolone Acetonide,Sodium bicarbonate,bioavailability
DB00288,DB00648,Amcinonide,Mitotane,serum concentration
DB01621,DB08907,Pipotiazine,Canagliflozin,therapeutic efficacy
DB00465,DB04898,Ketorolac,Ximelagatran,anticoagulant activities
DB01171,DB01296,Moclobemide,Glucosamine,metabolism
DB00721,DB00805,Procaine,Minaprine,hypertensive activities
DB00736,DB01609,Esomeprazole,Deferasirox,serum concentration
DB06701,DB09245,Dexmethylphenidate,Toloxatone,hypertensive activities
DB00254,DB00539,Doxycycline,Toremifene,metabolism
DB00436,DB00839,Bendroflumethiazide,Tolazamide,therapeutic efficacy
DB00264,DB00708,Metoprolol,Sufentanil,bradycardic activities
DB00722,DB00814,Lisinopril,Meloxicam,risk or severity of adverse effects
DB00530,DB09104,Erlotinib,Magnesium hydroxide,serum concentration
DB00476,DB01242,Duloxetine,Clomipramine,serotonergic activities
DB01176,DB09085,Cyclizine,Tetracaine,risk or severity of adverse effects
DB00604,DB00736,Cisapride,Esomeprazole,metabolism
DB01203,DB11633,Nadolol,Isavuconazole,serum concentration
DB00424,DB01227,Hyoscyamine,Levomethadyl Acetate,risk or severity of adverse effects
DB00374,DB09030,Treprostinil,Vorapaxar,anticoagulant activities
DB00735,DB00873,Naftifine,Loteprednol,risk or severity of adverse effects
DB01274,DB04896,Arformoterol,Milnacipran,tachycardic activities
DB00700,DB01433,Eplerenone,Methadyl Acetate,risk or severity of adverse effects
DB00960,DB04871,Pindolol,Lorcaserin,metabolism
DB00458,DB00498,Imipramine,Phenindione,anticoagulant activities
DB00699,DB01166,Nicergoline,Cilostazol,risk or severity of adverse effects
DB00224,DB11750,Indinavir,Clobetasol,serum concentration
DB00213,DB12332,Pantoprazole,Rucaparib,metabolism
